-- MySQL dump 10.13  Distrib 8.0.36, for Win64 (x86_64)
--
-- Host: localhost    Database: carservice
-- ------------------------------------------------------
-- Server version	8.0.37

/*!40101 SET @OLD_CHARACTER_SET_CLIENT=@@CHARACTER_SET_CLIENT */;
/*!40101 SET @OLD_CHARACTER_SET_RESULTS=@@CHARACTER_SET_RESULTS */;
/*!40101 SET @OLD_COLLATION_CONNECTION=@@COLLATION_CONNECTION */;
/*!50503 SET NAMES utf8 */;
/*!40103 SET @OLD_TIME_ZONE=@@TIME_ZONE */;
/*!40103 SET TIME_ZONE='+00:00' */;
/*!40014 SET @OLD_UNIQUE_CHECKS=@@UNIQUE_CHECKS, UNIQUE_CHECKS=0 */;
/*!40014 SET @OLD_FOREIGN_KEY_CHECKS=@@FOREIGN_KEY_CHECKS, FOREIGN_KEY_CHECKS=0 */;
/*!40101 SET @OLD_SQL_MODE=@@SQL_MODE, SQL_MODE='NO_AUTO_VALUE_ON_ZERO' */;
/*!40111 SET @OLD_SQL_NOTES=@@SQL_NOTES, SQL_NOTES=0 */;

--
-- Table structure for table `cars`
--

DROP TABLE IF EXISTS `cars`;
/*!40101 SET @saved_cs_client     = @@character_set_client */;
/*!50503 SET character_set_client = utf8mb4 */;
CREATE TABLE `cars` (
  `id` int NOT NULL AUTO_INCREMENT,
  `make` varchar(50) NOT NULL,
  `model` varchar(50) NOT NULL,
  `year` int DEFAULT NULL,
  `engine_size` decimal(3,1) DEFAULT NULL,
  `color` varchar(30) DEFAULT NULL,
  `registration_number` varchar(20) DEFAULT NULL,
  `mileage` int DEFAULT NULL,
  `transmission_type` varchar(20) DEFAULT NULL,
  `fuel_type` varchar(20) DEFAULT NULL,
  `num_doors` int DEFAULT NULL,
  `num_seats` int DEFAULT NULL,
  `has_air_conditioning` tinyint(1) DEFAULT NULL,
  `has_navigation` tinyint(1) DEFAULT NULL,
  `has_sunroof` tinyint(1) DEFAULT NULL,
  `last_service_date` date DEFAULT NULL,
  `vin_number` varchar(60) DEFAULT NULL,
  PRIMARY KEY (`id`)
) ENGINE=InnoDB AUTO_INCREMENT=53 DEFAULT CHARSET=utf8mb4 COLLATE=utf8mb4_0900_ai_ci;
/*!40101 SET character_set_client = @saved_cs_client */;

--
-- Dumping data for table `cars`
--

LOCK TABLES `cars` WRITE;
/*!40000 ALTER TABLE `cars` DISABLE KEYS */;
INSERT INTO `cars` VALUES (1,'Toyota','Camry',2022,2.5,'White','ABC123',15000,'Automatic','Petrol',4,5,1,1,0,'2024-03-15','T9Q2AV475EBZDH3Z7'),(2,'Honda','Accord',2021,1.5,'Black','DEF456',20000,'Automatic','Petrol',4,5,1,1,1,'2024-01-20','KQ8Z5FAO2XV1CP7DI'),(3,'BMW','5 Series',2023,3.0,'Blue','GHI789',5000,'Automatic','Petrol',4,5,1,1,1,'2024-05-10','8PXMBRCO4XBKZ3EBY'),(4,'Audi','Q7',2020,3.0,'Silver','JKL012',30000,'Automatic','Diesel',5,7,1,1,1,'2024-02-25','IQK5EPE29J31OPXXJ'),(5,'Mercedes-Benz','C-Class',2019,2.0,'Grey','MNO345',40000,'Automatic','Petrol',4,5,1,1,0,'2023-11-30','3NWOTLLPXO8O4FBG3'),(6,'Hyundai','Solaris',2022,1.6,'Red','PQR678',10000,'Manual','Petrol',4,5,1,0,0,'2024-04-05','20EERIBM0STTQZM8Q'),(7,'BMW','X3',2021,2.0,'Black','STU901',22000,'Automatic','Petrol',4,5,1,1,1,'2024-06-18','YSJ1958RFS61YGCW2'),(8,'Audi','A6',2022,2.0,'Silver','VWX234',12000,'Automatic','Diesel',4,5,1,1,0,'2024-07-12','YO4Q10DFFEG3PO1TF'),(9,'Kia','Sportage',2021,2.4,'Blue','YZA567',18000,'Automatic','Petrol',4,5,1,1,1,'2024-08-20','N04LQLLYXOK4KMI81'),(10,'Nissan','X-Trail',2020,2.5,'Green','BCD678',25000,'Automatic','Diesel',5,7,1,0,0,'2024-05-23','R2IW1P5DWWSMB3CHV'),(11,'Skoda','Octavia',2019,1.8,'White','EFG345',35000,'Manual','Petrol',4,5,1,1,1,'2024-03-10','5H4GSR8KHHJI8T8AT'),(12,'Kia','Sorento',2021,2.2,'Grey','HIJ456',14000,'Automatic','Diesel',5,7,1,1,0,'2024-04-15','7CWOCYI35SHFG72XC'),(13,'Volkswagen','Passat',2022,2.0,'Black','KLM789',8000,'Automatic','Petrol',4,5,1,1,1,'2024-02-05','AW4X8IOPJKTRII3CN'),(14,'Lexus','RX',2022,3.5,'Silver','NOP012',10000,'Automatic','Petrol',4,5,1,1,1,'2024-03-30','VV9CX9KR8TP27P6BY'),(15,'Mazda','CX-5',2021,2.5,'Red','QRS345',16000,'Automatic','Petrol',4,5,1,1,0,'2024-01-10','GNAIB5X5T8SX2ANAG'),(16,'Chevrolet','Cruze',2020,1.4,'Blue','TUV678',22000,'Manual','Petrol',4,5,1,0,1,'2024-07-25','VSOLEA4GGWLBX2MPZ'),(17,'Subaru','Forester',2019,2.5,'Green','WXY901',30000,'Automatic','Petrol',5,5,1,0,0,'2024-06-15','O8RK6VSQ1C5QBVU41'),(18,'Porsche','Cayenne',2023,3.0,'Black','ZAB234',5000,'Automatic','Petrol',5,5,1,1,1,'2024-08-10','OX21RDGE4QA8Q2D79'),(19,'Jeep','Grand Cherokee',2022,3.6,'White','CDE567',7000,'Automatic','Petrol',5,5,1,1,0,'2024-04-20','ZZTBAVC3458MGGM5D'),(20,'Volvo','XC90',2021,2.0,'Silver','FGH890',19000,'Automatic','Diesel',7,7,1,1,1,'2024-03-12','Q2X15DKSVPLGAWZ1W'),(21,'Renault','Duster',2020,1.6,'Blue','IJK345',25000,'Manual','Petrol',5,5,1,0,0,'2024-07-15','POWZKQU1TKOCD99A4'),(22,'Peugeot','308',2021,1.6,'Black','LMN678',14000,'Automatic','Diesel',5,5,1,1,1,'2024-01-30','F838KC7CE34UE9XHT'),(23,'Citroen','C4',2019,1.8,'Grey','OPQ901',30000,'Manual','Petrol',4,5,1,0,1,'2024-06-25','GPSGMG0FQ42M792LB'),(24,'Land Rover','Discovery',2021,3.0,'Green','RST234',15000,'Automatic','Diesel',5,7,1,1,1,'2024-05-05','I02P1OTSZ7CQ3QH5O'),(25,'Jaguar','XF',2022,2.0,'Silver','UVW567',9000,'Automatic','Petrol',4,5,1,1,0,'2024-08-20','TSIU771FXBPE722K6'),(26,'Mitsubishi','Outlander',2020,2.4,'Blue','XYZ890',22000,'Automatic','Petrol',5,7,1,1,0,'2024-02-10','8ERS4NNZIZ78QDAWE'),(27,'Suzuki','Vitara',2021,1.6,'Red','ABC456',13000,'Manual','Petrol',5,5,1,0,1,'2024-03-05','JA09QLV9D1LFE11NT'),(28,'Tesla','Model S',2022,NULL,'White','DEF789',8000,'Automatic','Electric',4,5,1,1,1,'2024-04-15','GAZ051J9CG4F9KIPG'),(29,'Infiniti','QX60',2021,3.5,'Black','GHI012',10000,'Automatic','Petrol',7,7,1,1,0,'2024-05-20','SBOX81VRPWMY7LYZR'),(30,'Bentley','Bentayga',2022,4.0,'Silver','JKL345',5000,'Automatic','Petrol',5,5,1,1,1,'2024-02-25','O2O6Q8W3XYYX7B6ON'),(31,'Cadillac','Escalade',2021,6.2,'Grey','MNO678',12000,'Automatic','Petrol',7,7,1,1,0,'2024-03-15','E8FK3HLMK28RYM7VC'),(32,'Rolls-Royce','Phantom',2020,6.8,'White','PQR901',20000,'Automatic','Petrol',4,5,1,1,1,'2024-07-10','LZ645E5ZFKDD3HJ6B'),(33,'Ferrari','488',2022,3.9,'Red','STU234',5000,'Automatic','Petrol',2,2,1,1,0,'2024-08-01','9I2631AAS5DJRFV2P'),(34,'Lamborghini','Urus',2021,4.0,'Yellow','VWX567',12000,'Automatic','Petrol',5,5,1,1,1,'2024-05-05','TCO25EGYOWI2FF5R7'),(35,'Aston Martin','DBX',2022,4.0,'Green','YZA890',7000,'Automatic','Petrol',5,5,1,1,1,'2024-04-20','KOR73DKTRMW9TP2H5'),(36,'McLaren','720S',2021,4.0,'Orange','BCD123',8000,'Automatic','Petrol',2,2,1,1,1,'2024-06-15','SM4E12PKCJZ2DQVXB'),(37,'Alfa Romeo','Stelvio',2022,2.0,'Blue','EFG456',6000,'Automatic','Petrol',5,5,1,1,1,'2024-03-30','QRD2W1FAOKRG2CJXO'),(38,'Maserati','Levante',2021,3.0,'Red','HIJ789',15000,'Automatic','Petrol',5,5,1,1,0,'2024-02-20','8I0NZHKUV2RVLOF2A'),(39,'Bugatti','Chiron',2022,8.0,'Blue','KLM012',3000,'Automatic','Petrol',2,2,1,1,1,'2024-07-05','FHCJWQ0N2X79BGZ8V'),(40,'Fiat','500',2020,1.2,'White','NOP345',22000,'Manual','Petrol',2,4,1,0,0,'2024-06-20','5EHG2D3OMXBZG3SOH'),(41,'Opel','Astra',2021,1.4,'Grey','QRS678',14000,'Manual','Petrol',4,5,1,1,1,'2024-03-10','PM9X1J5MZ82QEXC7R'),(42,'Seat','Leon',2020,1.5,'Black','TUV901',17000,'Manual','Petrol',4,5,1,0,1,'2024-04-25','GB7FWY60DBY1ZONJP'),(43,'Dodge','Durango',2021,3.6,'Silver','WXY234',12000,'Automatic','Petrol',7,7,1,1,1,'2024-05-15','RP8YO4H2A9LZHRFXI'),(44,'Jeep','Wrangler',2020,3.6,'Green','XYZ567',25000,'Automatic','Petrol',4,4,1,1,0,'2024-06-30','TCD3K08XGHCOBS5Q7'),(45,'Chevrolet','Tahoe',2021,5.3,'Black','ABC678',15000,'Automatic','Petrol',7,7,1,1,0,'2024-07-15','DIFV4QXMR6QWG0C7T'),(46,'Hyundai','Tucson',2022,2.0,'Red','DEF789',8000,'Automatic','Petrol',5,5,1,1,1,'2024-08-20','EKZMWP4NT8YE4ZJO5'),(47,'Ford','Mustang',2021,5.0,'Blue','GHI012',10000,'Automatic','Petrol',2,4,1,1,0,'2024-03-05','0SIU91FWQMCYBXER2'),(48,'Nissan','Qashqai',2020,1.5,'White','JKL345',20000,'Manual','Petrol',5,5,1,1,1,'2024-04-10','NKQ9MWFD3GR81J5PZ'),(49,'Mazda','3',2021,2.0,'Grey','MNO678',12000,'Automatic','Petrol',4,5,1,1,0,'2024-05-20','PGBJ85K7WX9HTF2RS'),(50,'Subaru','Impreza',2020,2.0,'Silver','PQR901',23000,'Manual','Petrol',4,5,1,0,1,'2024-06-15','XOH1DBYJ9LWCOTM3R'),(51,'Mercedes-Benz','E-Class',2021,3.0,'Black','STU234',14000,'Automatic','Petrol',4,5,1,1,1,'2024-07-10','JYX6RK5MFWXE5DQTN'),(52,'Chevrolet','Malibu',2022,1.5,'Blue','VWX567',8000,'Automatic','Petrol',5,5,1,1,1,'2024-08-05','A98NDQLXTG7H3BS6E');
/*!40000 ALTER TABLE `cars` ENABLE KEYS */;
UNLOCK TABLES;

--
-- Table structure for table `employees`
--

DROP TABLE IF EXISTS `employees`;
/*!40101 SET @saved_cs_client     = @@character_set_client */;
/*!50503 SET character_set_client = utf8mb4 */;
CREATE TABLE `employees` (
  `id` int NOT NULL AUTO_INCREMENT,
  `last_name` varchar(255) NOT NULL,
  `first_name` varchar(255) DEFAULT NULL,
  `phone_number` varchar(20) DEFAULT NULL,
  `email` varchar(255) DEFAULT NULL,
  `hire_date` date DEFAULT NULL,
  `pass_word` varchar(255) DEFAULT NULL,
  PRIMARY KEY (`id`)
) ENGINE=InnoDB AUTO_INCREMENT=21 DEFAULT CHARSET=utf8mb4 COLLATE=utf8mb4_0900_ai_ci;
/*!40101 SET character_set_client = @saved_cs_client */;

--
-- Dumping data for table `employees`
--

LOCK TABLES `employees` WRITE;
/*!40000 ALTER TABLE `employees` DISABLE KEYS */;
INSERT INTO `employees` VALUES (1,'Иванов','Иван','+7 123 456-78-90','ivanov@example.com','2021-01-15','123'),(2,'Петров','Петр','+7 123 456-78-91','petrov@example.com','2021-02-20','123'),(3,'Сидоров','Александр','+7 123 456-78-92','sidorov@example.com','2021-03-10','123'),(4,'Кузнецов','Сергей','+7 123 456-78-93','kuznetsov@example.com','2021-04-05','123'),(5,'Смирнов','Андрей','+7 123 456-78-94','smirnov@example.com','2021-05-12','123'),(6,'Попов','Николай','+7 123 456-78-95','popov@example.com','2021-06-18','123'),(7,'Васильев','Дмитрий','+7 123 456-78-96','vasiliev@example.com','2021-07-22','123'),(8,'Николаев','Алексей','+7 123 456-78-97','nikolaev@example.com','2021-08-30','123'),(9,'Фёдоров','Михаил','+7 123 456-78-98','fedorov@example.com','2021-09-15','123'),(10,'Орлов','Юрий','+7 123 456-78-99','orlov@example.com','2021-10-10','123'),(11,'Григорьев','Олег','+7 123 456-79-00','grigoryev@example.com','2021-11-05','123'),(12,'Зайцев','Антон','+7 123 456-79-01','zaytsev@example.com','2021-12-15','123'),(13,'Воробьев','Константин','+7 123 456-79-02','vorobyev@example.com','2022-01-20','123'),(14,'Крылов','Роман','+7 123 456-79-03','krylov@example.com','2022-02-15','123'),(15,'Морозов','Владислав','+7 123 456-79-04','morozov@example.com','2022-03-10','123'),(16,'Тарасов','Денис','+7 123 456-79-05','tarasov@example.com','2022-04-05','123'),(17,'Медведев','Евгений','+7 123 456-79-06','medvedev@example.com','2022-05-20','123'),(18,'Захаров','Олег','+7 123 456-79-07','zakharo@example.com','2022-06-15','123'),(19,'Ефимов','Павел','+7 123 456-79-08','efimov@example.com','2022-07-10','123'),(20,'Лебедев','Максим','+7 123 456-79-09','lebedyev@example.com','2022-08-05','123');
/*!40000 ALTER TABLE `employees` ENABLE KEYS */;
UNLOCK TABLES;

--
-- Table structure for table `orders`
--

DROP TABLE IF EXISTS `orders`;
/*!40101 SET @saved_cs_client     = @@character_set_client */;
/*!50503 SET character_set_client = utf8mb4 */;
CREATE TABLE `orders` (
  `id` int NOT NULL AUTO_INCREMENT,
  `employee_id` int DEFAULT NULL,
  `car_id` int DEFAULT NULL,
  `task` varchar(255) DEFAULT NULL,
  `dead_line` varchar(255) DEFAULT NULL,
  `status` varchar(255) DEFAULT NULL,
  `comment` varchar(255) DEFAULT NULL,
  PRIMARY KEY (`id`),
  KEY `employee_id` (`employee_id`),
  KEY `car_id` (`car_id`),
  CONSTRAINT `orders_ibfk_1` FOREIGN KEY (`employee_id`) REFERENCES `employees` (`id`),
  CONSTRAINT `orders_ibfk_2` FOREIGN KEY (`car_id`) REFERENCES `cars` (`id`)
) ENGINE=InnoDB AUTO_INCREMENT=67 DEFAULT CHARSET=utf8mb4 COLLATE=utf8mb4_0900_ai_ci;
/*!40101 SET character_set_client = @saved_cs_client */;

--
-- Dumping data for table `orders`
--

LOCK TABLES `orders` WRITE;
/*!40000 ALTER TABLE `orders` DISABLE KEYS */;
INSERT INTO `orders` VALUES (1,1,1,'Замена масла','2024-01-12','диагностика','Проверка уровня масла и замена масла для предотвращения перегрева двигателя.'),(2,1,2,'Плановый техосмотр','2024-01-23','ремонт','Проведение планового осмотра и диагностики всех систем автомобиля.'),(3,1,3,'Ремонт двигателя','2024-01-15','выполнен','Полный ремонт двигателя, включая замену изношенных деталей.'),(4,2,4,'Замена тормозных колодок','2024-01-29','в процессе','Замена старых тормозных колодок для повышения безопасности.'),(5,2,5,'Шиномонтаж','2024-02-05','в процессе','Установка новых шин и балансировка колес.'),(6,2,6,'Замена масла','2024-02-18','в процессе','Замена масла и фильтра, чтобы обеспечить оптимальную работу двигателя.'),(7,3,7,'Замена свечей','2024-03-01','не выполнен','Замена свечей зажигания для улучшения работы двигателя.'),(8,3,8,'Плановый осмотр','2024-03-10','не выполнен','Проведение планового осмотра состояния автомобиля.'),(9,3,9,'Диагностика подвески','2024-03-22','не выполнен','Диагностика системы подвески для выявления возможных проблем.'),(10,4,10,'Замена масла','2024-04-02','не выполнен','Замена масла для поддержания работы двигателя на должном уровне.'),(11,4,11,'Ремонт кондиционера','2024-04-15','не выполнен','Ремонт кондиционера для обеспечения комфортной температуры в салоне.'),(12,4,12,'Замена тормозных колодок','2024-04-25','не выполнен','Замена тормозных колодок для улучшения тормозных характеристик автомобиля.'),(13,5,13,'Замена аккумулятора','2024-05-03','выполнен','Замена аккумулятора для обеспечения надежного запуска двигателя.'),(14,5,14,'Замена сцепления','2024-05-12','не выполнен','Замена сцепления для улучшения работы трансмиссии.'),(15,5,15,'Диагностика','2024-05-24','не выполнен','Диагностика всех систем автомобиля для выявления неисправностей.'),(16,6,16,'Ремонт трансмиссии','2024-06-02','не выполнен','Ремонт трансмиссии для устранения проблем с передачей мощности.'),(17,6,17,'Замена масла','2024-06-10','не выполнен','Замена масла и фильтра для поддержания двигателя в рабочем состоянии.'),(18,6,18,'Диагностика подвески','2024-06-20','не выполнен','Диагностика подвески для проверки износа и состояния.'),(19,7,19,'Ремонт двигателя','2024-07-01','не выполнен','Ремонт двигателя для устранения неисправностей и повышения надежности.'),(20,7,20,'Замена масла','2024-07-15','не выполнен','Замена масла для предотвращения перегрева двигателя.'),(21,7,1,'Ремонт электроники','2024-07-28','не выполнен','Ремонт электронных систем автомобиля для восстановления их функциональности.'),(22,8,2,'Замена фильтров','2024-08-05','в процессе','Замена воздушных и топливных фильтров для поддержания чистоты систем автомобиля.'),(23,8,3,'Шиномонтаж','2024-08-17','в процессе','Установка новых шин и проверка их баланса.'),(24,8,4,'Ремонт ходовой части','2024-09-01','в процессе','Ремонт и регулировка ходовой части для улучшения управляемости автомобиля.'),(25,9,5,'Плановый осмотр','2024-09-10','не выполнен','Плановый осмотр для проверки состояния основных систем автомобиля.'),(26,9,6,'Замена тормозных дисков','2024-09-20','не выполнен','Замена тормозных дисков для повышения эффективности торможения.'),(27,9,7,'Диагностика электроники','2024-10-01','не выполнен','Диагностика электронных систем для обнаружения возможных неисправностей.'),(28,10,8,'Замена сцепления','2024-10-12','не выполнен','Замена сцепления для обеспечения плавного переключения передач.'),(29,10,9,'Замена масла','2024-10-22','не выполнен','Замена масла для поддержания двигателя в оптимальном состоянии.'),(30,10,10,'Плановый техосмотр','2024-11-02','не выполнен','Плановый техосмотр для проверки всех систем и компонентов автомобиля.'),(31,11,11,'Ремонт двигателя','2024-11-12','не выполнен','Ремонт двигателя для устранения серьезных неисправностей.'),(32,11,12,'Шиномонтаж','2024-11-23','не выполнен','Шиномонтаж для установки новых шин и балансировки колес.'),(33,11,13,'Замена тормозных дисков','2024-12-05','не выполнен','Замена тормозных дисков для повышения безопасности и эффективности торможения.'),(34,12,14,'Ремонт подвески','2024-12-15','не выполнен','Ремонт подвески для улучшения комфортности и управляемости.'),(35,12,15,'Замена аккумулятора','2024-12-25','не выполнен','Замена аккумулятора для обеспечения надежного запуска автомобиля.'),(36,12,16,'Ремонт электроники','2024-01-07','не выполнен','Ремонт электронных систем для устранения проблем с функциями автомобиля.'),(37,13,17,'Замена сцепления','2024-01-15','не выполнен','Замена сцепления для улучшения работы трансмиссии.'),(38,13,18,'Шиномонтаж','2024-01-22','не выполнен','Шиномонтаж для установки новых шин и их балансировка.'),(39,13,19,'Диагностика','2024-02-01','не выполнен','Диагностика всех систем автомобиля для выявления возможных неисправностей.'),(40,14,20,'Замена масла','2024-02-10','не выполнен','Замена масла для поддержания работы двигателя в оптимальном состоянии.'),(41,14,1,'Плановый осмотр','2024-02-20','не выполнен','Плановый осмотр для проверки состояния всех систем автомобиля.'),(42,14,2,'Ремонт двигателя','2024-03-01','не выполнен','Ремонт двигателя для устранения неисправностей и улучшения его работы.'),(43,15,3,'Замена тормозных колодок','2024-03-10','не выполнен','Замена тормозных колодок для повышения безопасности автомобиля.'),(44,15,4,'Диагностика кондиционера','2024-03-20','не выполнен','Диагностика кондиционера для устранения возможных проблем.'),(45,15,5,'Плановый осмотр','2024-04-01','не выполнен','Плановый осмотр для проверки всех систем автомобиля.'),(46,16,6,'Замена сцепления','2024-04-10','не выполнен','Замена сцепления для обеспечения надежной работы трансмиссии.'),(47,16,7,'Ремонт ходовой части','2024-04-20','не выполнен','Ремонт ходовой части для улучшения комфортности и безопасности управления.'),(48,16,8,'Замена аккумулятора','2024-05-01','не выполнен','Замена аккумулятора для поддержания надежного запуска двигателя.'),(49,17,9,'Ремонт электроники','2024-05-10','не выполнен','Ремонт электронных систем для исправления выявленных неисправностей.'),(50,17,10,'Замена масла','2024-05-20','не выполнен','Замена масла для поддержания оптимального состояния двигателя.'),(51,17,11,'Шиномонтаж','2024-06-01','не выполнен','Шиномонтаж для установки и балансировки новых шин.'),(52,18,12,'Замена фильтров','2024-06-10','не выполнен','Замена фильтров для поддержания чистоты системы автомобиля.'),(53,18,13,'Ремонт трансмиссии','2024-06-20','не выполнен','Ремонт трансмиссии для устранения возможных неисправностей.'),(54,18,14,'Диагностика подвески','2024-07-01','не выполнен','Диагностика подвески для проверки состояния и износа.'),(55,19,15,'Замена тормозных дисков','2024-07-10','не выполнен','Замена тормозных дисков для повышения эффективности торможения.'),(56,19,16,'Шиномонтаж','2024-07-20','не выполнен','Шиномонтаж для установки новых шин и их балансировки.'),(57,19,17,'Плановый осмотр','2024-08-01','не выполнен','Плановый осмотр для проверки состояния всех систем автомобиля.'),(58,20,18,'Замена масла','2024-08-10','не выполнен','Замена масла для поддержания двигателя в оптимальном состоянии.'),(59,20,19,'Ремонт двигателя','2024-08-20','не выполнен','Ремонт двигателя для устранения выявленных неисправностей.'),(60,20,20,'Диагностика электроники','2024-09-01','не выполнен','Диагностика электроники для выявления возможных проблем.'),(61,6,49,'Тех осмотр','2024-09-10','не выполнен','Тех осмотр для проверки состояния всех систем автомобиля.'),(62,1,14,'Диагностика','2024-13-09','не выполнен','Диагностика для выявления возможных проблем с автомобилем.'),(63,1,15,'Диагностика','2024-29-09','не выполнен','Диагностика для проверки состояния и исправления возможных неисправностей.');
/*!40000 ALTER TABLE `orders` ENABLE KEYS */;
UNLOCK TABLES;

--
-- Dumping events for database 'carservice'
--

--
-- Dumping routines for database 'carservice'
--
/*!40103 SET TIME_ZONE=@OLD_TIME_ZONE */;

/*!40101 SET SQL_MODE=@OLD_SQL_MODE */;
/*!40014 SET FOREIGN_KEY_CHECKS=@OLD_FOREIGN_KEY_CHECKS */;
/*!40014 SET UNIQUE_CHECKS=@OLD_UNIQUE_CHECKS */;
/*!40101 SET CHARACTER_SET_CLIENT=@OLD_CHARACTER_SET_CLIENT */;
/*!40101 SET CHARACTER_SET_RESULTS=@OLD_CHARACTER_SET_RESULTS */;
/*!40101 SET COLLATION_CONNECTION=@OLD_COLLATION_CONNECTION */;
/*!40111 SET SQL_NOTES=@OLD_SQL_NOTES */;

-- Dump completed on 2024-09-13 23:32:35
